name,age,gender,country
Tracy Murphy,87,Female,Cyprus
Michael Lane,30,Male,El Salvador
Arthur Gordon,68,Male,Maldives
Lori Lawrence,37,Female,Romania
Ryan Curry,73,Female,Saint Kitts and Nevis
James Hartman,65,Female,Andorra
Diane Vance,90,Female,Slovenia
Danielle Gray,71,Female,Saint Pierre and Miquelon
Teresa Sparks,44,Male,Cook Islands
Ashley Payne,45,Female,Oman
Christopher Bradley,56,Male,Saint Pierre and Miquelon
Denise Harrison,55,Male,Korea
Patricia Alvarez,88,Male,Mozambique
Eddie Tanner,82,Male,Libyan Arab Jamahiriya
Jocelyn Jensen,82,Male,Spain
Stacey Carroll,39,Female,Suriname
Laura Owens,22,Female,British Indian Ocean Territory (Chagos Archipelago)
Michele Johnson,54,Male,Netherlands Antilles
Eric Davis,90,Female,Malaysia
Christopher White,48,Female,Mauritania
Randall Carter,59,Female,Cayman Islands
Jason Dalton,40,Male,Malaysia
Leslie Hall,78,Male,Mali
Andrew Ware,27,Male,Korea
Matthew Richardson,47,Female,Mozambique
William Dean,57,Female,Turkey
Christine Johnson,63,Male,Bosnia and Herzegovina
April Flynn,50,Female,Ireland
Robert Conrad,82,Female,Reunion
Lisa Cross MD,84,Male,Cambodia
Sarah Gonzalez,32,Female,Estonia
James Brewer,39,Male,Pakistan
Harold Mitchell,36,Male,Palestinian Territory
Jenna Fitzgerald,63,Female,Lebanon
Christopher Garcia,21,Male,Saint Lucia
Robert Wang,78,Female,Liberia
Brenda Smith,64,Male,Greece
Gary Henderson,79,Female,Belgium
Cynthia Wilson,50,Female,Armenia
Kristine Jacobs,79,Female,Jersey
Ashley Robinson,64,Female,Netherlands
Anne Durham,89,Male,Egypt
Anita Larsen,66,Female,Chad
Daniel Harris,25,Male,Bangladesh
Anthony Shaw,50,Male,Portugal
Joe Brown,27,Male,Kuwait
George Pierce,74,Female,Sao Tome and Principe
Collin Sanchez,56,Male,Wallis and Futuna
Nicole Lewis,78,Female,Bhutan
Peter Farmer,77,Male,Libyan Arab Jamahiriya
Rebecca Fuentes,39,Female,Honduras
Monica Hansen,43,Female,Germany
Mark Sparks,72,Female,Sri Lanka
Scott Evans MD,68,Female,Isle of Man
Ian Marsh,20,Female,Kuwait
David Ward,26,Male,Guam
Erik Frazier,48,Female,Macao
Rodney Ray,57,Female,Saint Helena
Lindsay Robertson,86,Female,Seychelles
Courtney Roberson,61,Female,Puerto Rico
Chad Johnson,38,Female,Kyrgyz Republic
Wayne Watkins,50,Male,French Southern Territories
Mrs. Tammy Hancock MD,68,Female,Heard Island and McDonald Islands
April Williams,34,Female,Malawi
Joshua Harrison,46,Male,Fiji
Emily Wallace,57,Female,Singapore
Michael Walker,29,Male,Bermuda
James Taylor,54,Male,Nauru
Jose Mayo,18,Female,Niger
Donald King,50,Female,Benin
Elizabeth Winters,63,Female,Mongolia
Timothy Greene,44,Male,Turks and Caicos Islands
Norman Mejia,84,Male,Anguilla
Christie Thompson,34,Female,Zimbabwe
Lisa Duarte,62,Male,Myanmar
Bianca Fitzgerald,24,Female,Mexico
Christie Todd,87,Female,Palau
Timothy Stuart,25,Female,Chile
John Bailey,53,Female,Tunisia
Joseph Bailey MD,56,Female,Bahrain
Mark Medina,25,Male,Sri Lanka
Angela Bryant,42,Female,Egypt
Riley Burnett,51,Female,Gibraltar
Logan Hall,55,Female,Maldives
Brittany Taylor,27,Female,Palau
Tyler Mendez,25,Female,Guyana
Melissa Santos,45,Male,Palestinian Territory
Joseph Hall,31,Female,Czech Republic
Shawn Rice,49,Female,Andorra
Jordan Clarke,46,Female,Dominican Republic
Tricia Sharp,68,Female,Azerbaijan
Lindsay Mason,45,Female,Netherlands Antilles
Andrew Christian,87,Female,Gambia
Phillip Henson,25,Female,South Africa
Terri Anderson,21,Male,Liechtenstein
Kevin Johnson,30,Female,Japan
Chelsey Novak,68,Female,Palestinian Territory
Paul James,86,Male,Bosnia and Herzegovina
Jennifer George,78,Male,Micronesia
Aaron Gilmore,47,Male,Zambia
Ashley Hopkins,64,Male,Serbia
Eugene Franco,77,Female,Afghanistan
Matthew Goodman,20,Female,Guadeloupe
Chris Hoover,45,Female,Equatorial Guinea
Christopher Anderson,89,Male,Hong Kong
Stacy Mckay,86,Male,Malawi
Jason Cruz,45,Female,Brazil
Gerald Glass,82,Female,Venezuela
Thomas Romero,43,Male,Fiji
Julie Mercado,33,Female,Dominica
Robert Marsh,37,Female,Timor-Leste
William Mays,74,Female,Bolivia
Tiffany Martinez,71,Male,Palestinian Territory
Emily Rivera,35,Female,Samoa
Anthony Johnson,87,Female,Romania
Alfred Singleton,40,Male,Denmark
Michelle Perez,82,Male,Dominican Republic
Robert Schneider,55,Female,Mauritius
William Miller,54,Male,Kazakhstan
Brandi Johnson,50,Female,Turks and Caicos Islands
Douglas Munoz,31,Female,South Georgia and the South Sandwich Islands
Jennifer May,82,Male,Canada
Sabrina Ferguson,66,Male,Trinidad and Tobago
Susan Kirby,71,Female,Uruguay
Gregory Henry,80,Male,Togo
Joshua Davis,58,Female,Algeria
Abigail Graham,83,Female,American Samoa
Melissa Brandt,38,Male,Slovenia
Joshua Evans,90,Female,Macao
Andre Snyder,42,Female,Guadeloupe
John Shepherd,67,Male,Mayotte
Michael Salazar,58,Male,Niger
Kelly Hubbard,48,Female,Swaziland
Mitchell Jones,56,Male,Malaysia
Erin James,79,Male,Guam
Patricia Ingram,65,Female,Cocos (Keeling) Islands
Nancy Leonard,49,Female,Finland
Brian Yang,20,Female,Mexico
Mikayla Johnson,72,Female,Belarus
Dustin Simmons,62,Male,Guadeloupe
Mark Ortega,20,Male,China
Michael Gonzalez,27,Female,North Macedonia
Jenna Wright,40,Female,Venezuela
John Byrd,88,Female,Cook Islands
Michele Ortiz,85,Female,Malta
Todd Rodriguez,63,Male,Japan
Linda Harmon,31,Male,Thailand
Dana Chavez,76,Male,Angola
Larry Eaton,58,Male,Solomon Islands
Mark Shah,37,Female,Turkey
Dillon Lowe,74,Female,Comoros
Isaiah Houston,32,Female,Armenia
Jason Taylor,18,Female,Singapore
Stephen Gutierrez,75,Male,Trinidad and Tobago
Ruth Berry,76,Female,Cocos (Keeling) Islands
Timothy Castaneda,46,Male,Burundi
Julie Kelley,69,Male,British Virgin Islands
Kristi Bowers,20,Male,Turkmenistan
Jason Anderson,67,Female,Jersey
Jake Robinson,20,Male,Monaco
Alexis Wiggins,45,Female,Brazil
Joseph Garza,46,Female,Lesotho
Brian Smith,89,Female,Papua New Guinea
Brian Gardner,61,Female,Zimbabwe
Beth Franklin,41,Male,Albania
Lauren Peterson,19,Female,Malawi
Lisa Adams,34,Female,Estonia
Bradley Snyder,75,Male,Tokelau
Stephen Nichols,59,Female,British Indian Ocean Territory (Chagos Archipelago)
Eric Thompson,48,Female,Burundi
Ricardo Rich,44,Female,Bulgaria
Richard Paul,51,Male,Nepal
Mrs. Nancy Blackwell,47,Male,Dominica
Joshua King,32,Female,Cameroon
Mrs. Sara Prince,86,Female,Costa Rica
Shelly Carroll,81,Female,Aruba
Tyrone Travis,77,Male,Zimbabwe
Monica Bentley,82,Male,India
John Wilkins,87,Male,Uruguay
David Gonzales,67,Female,Monaco
Julie Ramirez,29,Female,Guatemala
John Huang,23,Female,Ukraine
Paul Scott,52,Male,Togo
Kevin Johnson,47,Female,New Zealand
Barbara Booth,64,Male,France
Joshua Moore,35,Female,Cayman Islands
Kelly Owens,71,Male,United States Minor Outlying Islands
Kathleen Garcia,83,Male,Mauritania
Brian Hester,88,Female,Bhutan
Marc Sanchez,81,Male,Cote d'Ivoire
Raymond Jones,90,Female,Bosnia and Herzegovina
Laura Nelson,34,Male,Guinea
Brandon Buchanan,43,Male,Seychelles
Kimberly Smith,66,Female,Burkina Faso
Brianna Moore,35,Female,Guinea
Lindsey Mcdonald DVM,29,Female,Honduras
Roberta Huff,61,Female,French Southern Territories
Dylan Callahan,38,Male,Iceland
Amanda Rice,30,Male,Sudan
Vanessa Rose,34,Female,Guinea-Bissau
James Johnson,50,Male,Uzbekistan
Mr. Tony Powell Jr.,87,Male,Anguilla
Thomas Sullivan,37,Male,Brazil
Tony Watts,58,Female,Timor-Leste
Christina Powers,88,Female,Turkey
Jeremiah Downs,46,Male,Korea
Catherine Page,69,Male,Sudan
William Schneider,45,Male,Botswana
James Caldwell,70,Male,Zimbabwe
Brian Kim,81,Male,Australia
Gavin Anderson,42,Male,San Marino
Jason Rosales,74,Male,Saint Vincent and the Grenadines
William Schultz,46,Male,Suriname
Phillip Reyes,65,Female,Pakistan
Roger Smith,44,Female,Northern Mariana Islands
William Pace,45,Male,Japan
Jacqueline Cannon,33,Male,Uzbekistan
Eric Knapp,42,Male,Vietnam
Hannah Anderson,45,Female,Chile
Jenna Chapman,55,Female,Thailand
Maria Meza,87,Female,Honduras
Barbara Lee MD,18,Male,Iran
Beth Baker,51,Female,Marshall Islands
Vanessa Smith,30,Male,Slovakia (Slovak Republic)
Renee Phillips,54,Female,Syrian Arab Republic
Edward Mcclure,81,Male,Vanuatu
Christina Smith,59,Female,United States Minor Outlying Islands
Amy Lang,57,Male,Hong Kong
Mark Morse,83,Male,Slovenia
Brittney Davis,28,Male,Turkmenistan
Andrew Hayes,47,Male,Reunion
Madison Boyd,55,Female,Svalbard & Jan Mayen Islands
Amy Chaney,25,Male,El Salvador
Shirley Bryant,69,Male,Palau
John Johnson,27,Male,Gabon
Elizabeth Knox DVM,79,Female,Oman
Lynn Valdez,34,Female,Qatar
Ryan Joseph,22,Male,Turkmenistan
Julia Estes,23,Female,Cape Verde
Robert Leach,29,Female,Malawi
Angel Williams DVM,24,Female,Armenia
Courtney Sullivan,64,Male,Yemen
Scott Campbell,60,Female,Angola
Tracy Reynolds,36,Female,Jamaica
Eric Morris,66,Female,Italy
Andrew Middleton,44,Male,Montenegro
Todd Wolfe,71,Male,Uganda
Dawn Lee,46,Male,Bulgaria
Daniel Lowe,64,Male,Switzerland
Samuel Fernandez,57,Male,Wallis and Futuna
James Baker,84,Male,Ecuador
James Meyers,49,Male,Portugal
Jaime Vega,40,Male,Mali
Melissa Hall,19,Female,Iceland
Todd Matthews,49,Female,Colombia
Alyssa Herman,21,Female,Latvia
Jason Drake,38,Male,Uzbekistan
Kevin Mann,29,Male,Bahrain
Caitlin Livingston,88,Female,Burundi
Steven Orr,55,Male,Bangladesh
Erin Hodge,79,Female,Qatar
Jennifer White,62,Male,Mauritius
Jeffrey Wilson,78,Female,Romania
James Christensen,88,Female,Jersey
Rachel Mcclure,35,Male,Thailand
Zachary Montgomery,67,Male,Romania
Maureen Jackson,60,Female,Jamaica
Kimberly Conner,75,Female,Russian Federation
John Espinoza,72,Male,Netherlands Antilles
Kevin Adams,38,Female,Ireland
Alexander Jones,61,Male,Central African Republic
Bradley Jackson,30,Male,India
Peter Coleman,30,Male,Cayman Islands
Steven Trevino,47,Female,Cyprus
Jonathan Smith,31,Female,Malaysia
Jessica Salas,79,Female,Guam
Manuel Hawkins,24,Male,Saint Vincent and the Grenadines
Tony Reed,64,Male,Chile
Maxwell Green,58,Female,Sri Lanka
Steven Cole,62,Female,Micronesia
Benjamin Hill,26,Female,France
David Lee,24,Male,Niger
Daniel Clark,34,Male,North Macedonia
Harold Wilson,77,Male,British Indian Ocean Territory (Chagos Archipelago)
Kimberly Drake,74,Female,Ethiopia
Jonathan Powell,82,Female,British Indian Ocean Territory (Chagos Archipelago)
Jesus Wright,77,Male,Philippines
John Padilla,43,Female,El Salvador
Michael Hernandez,51,Female,Tuvalu
Julie Ryan,72,Female,Bulgaria
Dr. Christopher Brown DDS,44,Female,Kuwait
Robert Austin,45,Female,United States of America
Nicole Smith,72,Female,Australia
Thomas Yu,23,Female,Trinidad and Tobago
Mariah Lopez,82,Female,Singapore
Terri Soto,37,Female,Sao Tome and Principe
Amanda Herman,22,Male,Montserrat
Nathaniel Smith,79,Male,Anguilla
Ryan Graves,85,Male,Turkmenistan
Richard Ingram,88,Female,Djibouti
Zachary Weaver,75,Male,Tajikistan
William Smith,83,Male,Isle of Man
Bryan Meza,83,Male,Armenia
Matthew Young,42,Female,Yemen
Jessica Baker,85,Male,Cape Verde
Paul Johnson,61,Male,Uzbekistan
Kimberly Richmond,72,Female,Japan
Todd Smith,73,Male,Mauritius
Jimmy Finley,53,Male,Micronesia
Belinda Wilson,62,Male,Chad
Melissa Hines,74,Female,Greenland
Luke Kelly,51,Female,Comoros
Richard Ramos,27,Male,Norfolk Island
Daniel Silva,57,Female,Maldives
Chad Morales,81,Male,Jamaica
Gene Saunders,65,Female,Somalia
Warren Lozano,38,Female,Australia
Jacob Simmons,70,Male,Colombia
Timothy Turner,46,Female,Gibraltar
Richard Carpenter,40,Male,United States Virgin Islands
Samuel Livingston,64,Male,Ireland
Diane Roberts,77,Male,Syrian Arab Republic
Rebecca Kennedy,65,Male,Macao
Dana Chung,82,Male,Bahrain
Rachel Brown,23,Male,Bouvet Island (Bouvetoya)
Matthew Johnston,78,Female,Equatorial Guinea
Duane Velez,30,Female,Tunisia
William Butler,72,Male,Bangladesh
Peter Jenkins,77,Female,Libyan Arab Jamahiriya
Ryan Jarvis,65,Female,Western Sahara
Charles Reynolds,25,Female,Turks and Caicos Islands
Nicholas Valentine,49,Female,Zambia
Kimberly Monroe,72,Male,Puerto Rico
Melissa Jordan,88,Male,Guinea-Bissau
Raven Miller,35,Female,New Zealand
Jose Duran,68,Female,Uruguay
Julia Kelley,20,Female,North Macedonia
Carolyn Gonzalez,73,Male,Gabon
Katherine Ferguson,88,Female,China
Tina Brown,54,Male,Afghanistan
Melissa Foster,53,Female,Slovenia
Adam Stout,75,Male,Portugal
Robert Murphy,69,Male,Suriname
George Williams,55,Female,Uzbekistan
Tyler Lloyd,42,Female,Algeria
William Maddox,30,Female,Puerto Rico
Eric Ross,88,Female,Panama
Lisa Robertson,55,Male,Iraq
Gary Jimenez,84,Female,Saint Kitts and Nevis
Stacy Wang,89,Female,Mexico
Joshua Armstrong,76,Female,Djibouti
Katherine Gonzales,35,Female,Turkey
John Edwards,21,Male,Togo
James Benson,82,Male,Guam
Benjamin Austin,31,Female,Netherlands
Jennifer Myers,27,Male,Guinea-Bissau
Tammy Brown,24,Female,Aruba
Amanda Watson,21,Male,Saudi Arabia
Nicole Ellison,70,Male,Sudan
Jacob Rodgers,70,Male,Maldives
Gregory Dixon,18,Male,Nepal
Dr. Erin Graves MD,27,Male,Holy See (Vatican City State)
Charles Rios,38,Female,Marshall Islands
John Perez,22,Female,Ukraine
Valerie Morris,70,Female,France
Mary Small,49,Female,Somalia
Krystal Lopez,82,Female,North Macedonia
Kara Miller,48,Male,Holy See (Vatican City State)
Christopher Harris,33,Female,Indonesia
Benjamin Brock,26,Male,Saint Lucia
Hector Young,84,Male,Vanuatu
Suzanne Smith,29,Female,Australia
William Holland,56,Female,Guadeloupe
Mr. Mark Schneider,90,Female,Georgia
Suzanne Ruiz,23,Female,Philippines
Katie Hernandez,86,Male,Marshall Islands
Emily White,34,Female,Kenya
Bradley Miller,64,Male,Ghana
Jacob Boyle Jr.,27,Male,Gambia
Roger Porter,56,Male,Eritrea
Kevin Williams,63,Female,Bolivia
Scott Chapman,63,Female,Azerbaijan
Katherine Walker,49,Female,Cook Islands
Jill Gutierrez,21,Male,Antarctica (the territory South of 60 deg S)
Victoria Newton,41,Male,Tuvalu
Kelly Chandler,29,Male,Belgium
Stephanie Quinn,24,Male,Chad
Mark Martinez,59,Female,Chile
William Miller,34,Male,United States Virgin Islands
Ruben Harrison,55,Female,North Macedonia
Stacey Kim,42,Female,Armenia
Jeffery Collins,57,Female,North Macedonia
Sara Barajas,73,Female,Kiribati
Jacqueline Scott,53,Female,Western Sahara
Richard Berg,72,Male,Falkland Islands (Malvinas)
Joseph Nichols,87,Male,Angola
Amber Perez,51,Male,Peru
Kathleen Morales,54,Male,Saudi Arabia
Haley Brown,49,Female,Oman
Michael Smith,52,Male,Fiji
Kathryn Martin,52,Male,Malta
Philip Walker,83,Female,Austria
Jill Macdonald,54,Female,Papua New Guinea
Lynn Munoz,74,Female,South Africa
Richard Young,59,Male,Georgia
David Vega,55,Male,Bahrain
Kelly Cannon,78,Male,Iran
Courtney Weiss,85,Male,Faroe Islands
William Rodriguez,59,Male,Georgia
Lauren Green,37,Male,Jersey
Lisa Smith,76,Male,Bangladesh
Christopher Fleming,30,Female,Israel
Jasmine West,54,Male,Dominica
Gabriel Wells,45,Female,Cook Islands
Kiara Brown,44,Female,Ireland
Paula Davis,32,Female,Luxembourg
Patrick Young,88,Female,Turkey
Brittany Smith,61,Female,Cook Islands
Daniel Day,72,Female,Syrian Arab Republic
Justin Marshall,21,Male,Saint Martin
Linda Cochran,73,Male,Marshall Islands
Nicholas Jenkins II,61,Male,Barbados
Ashley Moore,23,Female,Brunei Darussalam
Jillian Smith,66,Female,Honduras
Clarence Wall,23,Female,Nigeria
John Davenport,74,Female,Denmark
Joseph Austin,18,Male,Grenada
Kimberly Campbell,63,Male,India
Ryan Reed,33,Female,Samoa
Edwin Jensen,39,Male,Aruba
Robert Wilson,43,Male,Slovakia (Slovak Republic)
David King,80,Male,Zambia
Heather Evans,45,Male,Iraq
Megan Knapp PhD,37,Female,Puerto Rico
James Watson,38,Female,Saint Martin
Timothy Jackson,79,Female,Sri Lanka
James Morgan,73,Male,Swaziland
Jennifer Lopez,54,Male,United States Minor Outlying Islands
Leslie Lopez,61,Male,Lao People's Democratic Republic
Katherine Perez,24,Female,Cayman Islands
Steven Maldonado,79,Female,Costa Rica
Stephanie Brown,21,Male,Gibraltar
Ashley Martinez,50,Male,Isle of Man
Christine Martinez,28,Female,Dominica
Toni Bennett,21,Female,Tanzania
Donna White,79,Female,Mali
Sara Anderson,64,Female,Bangladesh
Gloria Farley,41,Male,Switzerland
Rita Ramirez,88,Male,Reunion
John Stevens,79,Male,Spain
Gina Pearson,63,Male,Barbados
Jordan Washington,83,Male,Netherlands
Adam Ware,75,Male,Switzerland
Timothy Lambert,51,Male,New Caledonia
James Dunn,42,Male,Netherlands Antilles
Emily Shah PhD,40,Female,British Virgin Islands
Darlene Ferguson,42,Female,Antigua and Barbuda
Keith Craig,74,Male,Congo
Daniel Smith,59,Female,Sri Lanka
Joe Wall II,52,Male,New Caledonia
Robert Turner,34,Female,Cape Verde
Michele Edwards,90,Female,Sweden
Melanie Warner,71,Male,Svalbard & Jan Mayen Islands
Annette Li,43,Female,Sudan
Calvin Boyd,41,Male,India
Alexandra Hatfield,18,Female,Malta
Allison Jenkins,62,Female,Iran
Bradley Brown PhD,48,Female,French Guiana
Danielle Miller,90,Male,Reunion
Mrs. Beth Wilson,77,Male,Turkey
Valerie Gordon,44,Male,Belarus
Lydia Wilson,31,Female,Iraq
Emily Simon,38,Female,Montserrat
David Moody,56,Female,Guernsey
Alicia Padilla,87,Male,Guinea-Bissau
Steve Thomas,24,Female,Mayotte
Connie Stone,59,Male,Afghanistan
Elizabeth Vazquez,79,Female,Germany
Meagan Johnson,28,Female,Denmark
Beth Hebert,82,Female,Sweden
James King,29,Male,Sierra Leone
Jessica Andrade,50,Male,Syrian Arab Republic
Connor Warren,71,Male,Dominica
Christine Sanchez,24,Female,Zimbabwe
Belinda Roberts,79,Female,Qatar
Brittany Baird,44,Female,Zambia
Warren Lyons,74,Male,Svalbard & Jan Mayen Islands
Jordan Clay,23,Female,San Marino
Joshua Contreras,58,Female,Malta
Jeffery Nelson,55,Female,Swaziland
Casey Ellis DVM,84,Female,Germany
Andrew Powers,59,Female,Macao
Robert Young,56,Female,Saint Barthelemy
Norman Sawyer,59,Male,Solomon Islands
Karen Jones,79,Female,Bosnia and Herzegovina
Desiree Park,61,Female,Falkland Islands (Malvinas)
Matthew Wright,28,Female,Niger
Kenneth Reyes,60,Female,Saint Barthelemy
Brian Beck,51,Male,Jordan
Kimberly Lopez,59,Female,Costa Rica
Kevin Bond,20,Female,Marshall Islands
Vanessa Farmer,21,Male,Guyana
Dawn Walker,90,Male,Macao
Michael Cruz,86,Male,Korea
Mr. Christopher Dodson DDS,18,Female,Saint Lucia
Victoria Alexander,50,Female,Puerto Rico
Kenneth Williams,30,Female,Afghanistan
Ashley Montgomery,76,Female,Tajikistan
Jennifer Richardson,64,Male,Sri Lanka
Angela Rich,71,Male,Benin
Rachael Medina,19,Male,Indonesia
Amanda Randall,53,Female,China
Tina Miller,80,Male,Mali
Victoria Jones,75,Female,Aruba
Christopher Wheeler MD,46,Female,Antigua and Barbuda
Suzanne Lewis,30,Female,Bahamas
Matthew Howell,46,Female,Ecuador
Danielle Lawson,51,Male,Niger
Sandy Ward,84,Male,Micronesia
Adam Vance,39,Female,Benin
Lori Sutton,48,Female,Malawi
David Hartman,65,Female,Aruba
Arthur Thomas,37,Female,Mauritius
Mario Reed,79,Male,Ethiopia
Heather Rollins,47,Female,Sri Lanka
Tammy Ford,66,Female,Poland
Hunter Lewis,19,Female,Aruba
Jill Bailey PhD,59,Female,Chile
Briana Williams,84,Male,Saint Helena
Melissa Massey,33,Male,Palestinian Territory
Teresa Carson,77,Male,Bulgaria
Brenda Obrien PhD,18,Female,Cuba
Daniel Bates,69,Male,Marshall Islands
Adam Harvey,38,Male,Wallis and Futuna
Shawn Bruce,29,Female,Norfolk Island
Jeffrey Henderson,58,Female,Guinea-Bissau
Jose Huber,60,Female,Nauru
Beverly Craig,28,Male,El Salvador
Angela Potter,28,Male,Croatia
Jason Fowler,52,Female,El Salvador
Christopher Howard,64,Male,Macao
David Anderson,34,Male,Portugal
Christine Owens,56,Female,Eritrea
Marc Clark,50,Male,Bolivia
Susan Fox,66,Male,Sierra Leone
Debbie Walker,49,Female,Grenada
Todd Petersen,46,Male,American Samoa
Derrick Anderson,82,Female,Ghana
George Sims,37,Female,Chad
Jennifer Green,85,Male,Montenegro
Vernon Pham,80,Female,Bouvet Island (Bouvetoya)
Mary Hurst,83,Female,Senegal
Judy Powell,64,Male,Western Sahara
Rodney Young,38,Female,Switzerland
Christopher Sullivan,25,Male,Bermuda
Karina Wilson,65,Male,Chad
Megan Wood,49,Female,South Africa
Patrick Rivera,42,Female,Dominican Republic
Kerry George,89,Male,Argentina
Monica Robinson,68,Male,Andorra
Dana Newton,76,Female,Togo
Jacob Clay,68,Male,Kenya
Kimberly Brown,53,Male,Micronesia
Jeffrey White,74,Male,India
Angelica Taylor,36,Female,Poland
Courtney Krueger,23,Female,Nicaragua
Micheal Hanson,25,Female,Congo
Daniel Roth,33,Male,Slovakia (Slovak Republic)
Laurie Dunn,80,Male,Sierra Leone
Timothy Middleton,27,Male,Saint Lucia
Michael Johnson,69,Female,Morocco
Deanna Roberson,46,Female,British Indian Ocean Territory (Chagos Archipelago)
Taylor Rhodes,36,Female,Isle of Man
Ricky Oconnor,66,Male,Taiwan
Sean West Jr.,46,Male,Cayman Islands
Justin Vasquez,46,Female,Belgium
Brian George,81,Male,Saint Vincent and the Grenadines
David Ruiz,64,Female,Switzerland
Johnathan Stein,80,Male,Singapore
Yolanda Morgan,52,Male,Mexico
Nicole Francis,64,Female,Samoa
Michael Burgess,32,Female,Rwanda
Cheryl Smith,22,Male,Greenland
Eric Jones,43,Female,Holy See (Vatican City State)
Adrienne Davis,18,Female,Gibraltar
Donald Middleton,28,Male,New Caledonia
Walter Owen,41,Female,Colombia
Bailey Fuller,71,Female,Bosnia and Herzegovina
Denise Burgess,53,Male,Guatemala
Scott Alvarez,38,Female,Marshall Islands
Denise Poole MD,70,Female,Grenada
Amy Caldwell,19,Female,Congo
Brenda Irwin,75,Female,Mali
John Cooper,41,Male,Paraguay
Alec Vazquez,31,Male,Zimbabwe
Jordan Graves,31,Male,China
Christopher Carpenter,36,Female,Marshall Islands
Kelly Stokes,83,Male,Saint Vincent and the Grenadines
Stephen Baldwin,79,Female,Hong Kong
Robert Chase,38,Female,Finland
Sarah Simpson,89,Male,Bulgaria
Mark Henry,64,Female,Taiwan
Maurice Ross,85,Female,Zambia
Brian Chavez,78,Male,Togo
Jimmy Wells,32,Male,Bangladesh
Ryan Ford,82,Female,Sao Tome and Principe
Laura Hays,43,Male,Panama
Michelle Griffin,90,Female,Lithuania
Traci Rodriguez,77,Male,United Arab Emirates
Sandra Powell,60,Male,Turkey
Michelle Hurst,62,Female,Saint Pierre and Miquelon
Christopher Robinson,35,Male,Paraguay
Rick Petersen,46,Male,Micronesia
Gregory Hodges,86,Male,Afghanistan
Paige Aguirre,87,Male,Monaco
Robert Richard,82,Female,Gambia
Jeffrey Choi,83,Male,Mexico
Adam Davis,63,Female,Slovakia (Slovak Republic)
Cheryl Rose,49,Female,Jamaica
Jeffrey Jones,40,Female,Falkland Islands (Malvinas)
Megan Padilla,41,Male,Belarus
Sandra Howard,89,Male,Pakistan
Timothy Salinas,55,Male,Ghana
Timothy Porter,73,Female,Indonesia
Adam Jones,31,Female,Gibraltar
Lisa Baldwin,86,Male,Cook Islands
Roy Bell,33,Male,Kyrgyz Republic
William Mann,89,Male,Saint Vincent and the Grenadines
Taylor Long,79,Female,Papua New Guinea
Kurt Houston,50,Male,Sierra Leone
Stephen Thornton,61,Female,Qatar
Yolanda Mccormick,44,Male,Iceland
Stanley Smith,52,Female,Colombia
Robin Carter,28,Female,Japan
James Mckenzie,24,Female,Hong Kong
Jennifer Meyer,74,Male,Suriname
Brittany Patel,41,Male,Northern Mariana Islands
Ms. Kelly Jenkins,51,Male,Comoros
Robert Sims,25,Female,Bermuda
James Davis,29,Female,Martinique
Joseph Hunter,21,Female,Bermuda
Abigail Gross,57,Male,Qatar
Patrick Keith,51,Male,Yemen
Alexander Andrade,73,Female,Saint Kitts and Nevis
Yesenia Montoya,89,Male,South Georgia and the South Sandwich Islands
John Gonzalez,53,Male,Australia
Jill Vasquez,37,Male,Germany
Kathy Moore,52,Male,Mauritania
Laura Bates,67,Male,American Samoa
Patricia Diaz,44,Female,Bosnia and Herzegovina
Hailey Preston,75,Male,Guatemala
John Hicks,53,Female,Saint Barthelemy
Danielle Brown,44,Female,Cote d'Ivoire
Robert Stephens,54,Female,Northern Mariana Islands
Cindy Morrow,56,Female,Bahamas
Beverly Thomas,55,Male,Germany
Jack Sheppard,47,Male,Svalbard & Jan Mayen Islands
Lisa Mcintosh,86,Male,Jordan
Victor Brandt,90,Male,Tanzania
Joshua Shields,57,Male,Nigeria
Peter Washington,62,Female,Yemen
Alexander Johnson,75,Female,Guinea
Nathaniel Dodson,38,Female,Norfolk Island
Kayla Robertson,31,Male,Bosnia and Herzegovina
Charles Coleman,46,Female,Haiti
Bill Jordan II,74,Female,Philippines
Taylor Hayes,20,Male,Bolivia
Jennifer Leon,78,Male,Norway
Betty Ray,76,Female,Somalia
Nathaniel Jones,74,Male,Spain
Jonathan Williams,35,Female,Nepal
Brittany Calhoun,73,Male,Lithuania
Patricia Palmer,35,Female,Myanmar
Rhonda Bush,50,Female,Belize
Alexander Perkins,31,Male,Dominica
Patricia Wright,69,Female,Northern Mariana Islands
Christopher Vang,20,Female,Nigeria
Patrick Edwards,63,Male,Northern Mariana Islands
Michael Perkins,58,Female,Norfolk Island
John Martinez,31,Male,Uruguay
Christine Wolfe,50,Female,Mauritania
Sergio Goodman,59,Female,Macao
Matthew Lopez,71,Male,Palestinian Territory
Michael Jones,44,Female,Netherlands
Connie Garrett,83,Male,British Virgin Islands
Amber Merritt,48,Male,Cameroon
Maria Smith,52,Male,Peru
Lucas Finley,45,Male,Bulgaria
Christine Avila,42,Female,Venezuela
Michael Carter,73,Male,Cook Islands
John Byrd,33,Female,Uganda
Erika Jackson,26,Female,United States Virgin Islands
Danielle Bennett,79,Male,Timor-Leste
Brandon Ward,22,Male,Iraq
Brooke Alexander,46,Male,Argentina
Terrence Rojas,85,Male,Canada
Glenn Ortiz,66,Male,Monaco
Nathaniel Bentley,87,Male,Chad
Carl Ross,65,Male,Burundi
Penny Chapman,51,Male,Belize
William Evans,19,Female,Guadeloupe
David Gardner,18,Female,French Guiana
Amanda Gomez,88,Male,Argentina
Jillian Lee,78,Female,Jordan
Michael Walker,37,Male,Guatemala
Michael Vasquez,18,Male,Costa Rica
Jill Myers,72,Female,Portugal
Antonio Cunningham,27,Male,French Guiana
Victoria Parrish,47,Female,Cameroon
Ryan Parks,58,Female,Solomon Islands
Barbara Terry,52,Female,Malawi
Anthony Bolton,78,Male,Australia
Melissa Williams,62,Male,Vanuatu
Carl Smith,79,Female,Cuba
Jose Massey,47,Female,San Marino
Jessica Mercado,48,Male,Saint Helena
John Garner,33,Male,Latvia
Joseph Wilson,30,Female,Samoa
Zachary Perez,26,Male,South Georgia and the South Sandwich Islands
Beth Simmons,76,Female,Martinique
Dylan Case,44,Female,Yemen
Rachel Hill,80,Male,Marshall Islands
Brian Coleman,44,Female,Saudi Arabia
Michael Perry,24,Female,Croatia
Ryan Lopez,84,Female,Fiji
Douglas Callahan,38,Male,Angola
Sherry Lang,79,Female,Faroe Islands
Jeff Holland,51,Male,Austria
Tara Page,37,Female,Christmas Island
Brenda Haynes,87,Female,Syrian Arab Republic
Trevor Salazar,67,Male,Thailand
Natalie Kirby,49,Female,Suriname
Samantha Mccarthy,46,Female,Eritrea
Roberta Wright,86,Female,Russian Federation
Jason Fitzgerald,84,Male,San Marino
Jorge Anderson,86,Female,Eritrea
Melinda Moore,38,Male,Dominica
Anthony Moon,62,Female,Lithuania
Melissa Rhodes,77,Male,Myanmar
Mrs. Maria Haney,61,Female,United Kingdom
Misty Deleon,60,Female,Cyprus
Angela Fuentes,19,Female,Mayotte
Jennifer Lee,27,Male,Namibia
Julie Williams,26,Male,Greece
Heather Hensley,35,Male,Israel
James Rodriguez,58,Male,Saudi Arabia
Laura Cook,79,Female,Cuba
Mrs. Tina Edwards MD,75,Female,Kenya
Crystal Jackson MD,79,Female,Kuwait
Breanna Wagner,52,Female,Sao Tome and Principe
Amy Lopez,62,Female,Madagascar
Kim Williams,28,Male,Azerbaijan
Michelle Espinoza,22,Male,American Samoa
Edwin George,78,Male,Ghana
Kevin Cunningham,32,Female,Nicaragua
Scott Hill,60,Female,Romania
Tracy Cohen,47,Female,Svalbard & Jan Mayen Islands
Dale Foley,90,Male,Azerbaijan
Brian Schultz,46,Female,Nicaragua
Mrs. Molly Rivera,88,Female,New Caledonia
Andrew Blair,37,Female,Antigua and Barbuda
Chad Wilson,72,Male,Burkina Faso
Sarah Smith,66,Male,Tanzania
Angela Medina,90,Male,Papua New Guinea
Nancy Baker,65,Female,Cambodia
Scott Dominguez,89,Male,Hungary
Patricia Hall,58,Male,Uruguay
Benjamin Norris,21,Female,Seychelles
Frank Baker,35,Male,Malawi
Colleen Warner,22,Female,Cote d'Ivoire
Amanda Brown,60,Female,Guam
David Pennington,42,Male,Tajikistan
Daniel Benson,46,Female,Heard Island and McDonald Islands
Michael Moreno,25,Female,Cayman Islands
Jerry Perez,57,Female,Guam
Cheyenne Wood,80,Female,Heard Island and McDonald Islands
Maria Herman,82,Male,Switzerland
Alicia Spencer,25,Male,Rwanda
James Williams,45,Female,Malawi
David House,53,Male,Guyana
Brenda Jenkins,67,Female,Panama
Courtney Strickland,19,Female,Benin
Ms. Angela Clark,29,Female,Malawi
Joann Harmon,88,Female,Pitcairn Islands
Joseph Smith,59,Female,Cambodia
Heather Jenkins DDS,19,Female,Lesotho
Richard Love,50,Male,India
Lauren Solis,68,Male,Cuba
Cynthia Turner,44,Male,Vietnam
Joshua Buckley,83,Male,Peru
John Arroyo,38,Female,Vietnam
Kevin Jones,22,Female,Maldives
Douglas Harper,36,Female,Eritrea
Elizabeth Ritter,55,Female,Kenya
Carol Baker,78,Female,Guyana
Eric Ball,31,Male,Uganda
Dr. Gregory Hoffman,77,Male,Cyprus
Stanley Jones,84,Male,Malaysia
Margaret Yates,90,Male,Chad
Heather Smith,22,Male,Niue
Kurt Ramirez,58,Male,Pakistan
Tanya Carpenter,51,Female,Mozambique
Brandon Moran,56,Female,Bangladesh
Mrs. Kimberly Coleman MD,90,Female,Barbados
Mark Vang,69,Male,Mayotte
Melissa Jensen,60,Male,Philippines
Scott Hull,90,Female,Moldova
Melissa Ellis,75,Female,Belgium
Joel Watkins II,60,Male,Fiji
Jennifer Tran,30,Female,Austria
Morgan Lyons,65,Male,Guinea
Peter Myers,65,Male,Antigua and Barbuda
Linda Bennett,45,Female,Ecuador
Lisa Hanson,38,Male,Bahamas
Joshua Krueger,72,Female,Tokelau
Walter Lynn,73,Male,Yemen
Jordan Gross,78,Male,Tuvalu
Todd Mitchell,54,Male,Swaziland
Dan Fox,51,Female,Mayotte
Mary Lee,77,Female,Sweden
Renee Cowan,43,Male,Faroe Islands
Kimberly Huynh,46,Female,Christmas Island
Erica Peters,77,Male,Senegal
Kelly Austin,77,Male,Kyrgyz Republic
Carol Taylor,38,Male,Holy See (Vatican City State)
Paul Shaw,84,Female,United Kingdom
James Schwartz,73,Female,Albania
Daisy Lowery,20,Female,Palau
Donna Price,86,Female,Argentina
Ryan Rodriguez,52,Female,Indonesia
Melissa Blair MD,81,Female,Sri Lanka
Mitchell Miles,40,Male,Japan
Alexander Grimes,90,Female,Denmark
Maria Lee,90,Female,Lesotho
Christopher Davis,34,Female,New Caledonia
Hayley Cooper,53,Female,Brazil
Veronica Barker,30,Male,Botswana
Todd Preston,41,Male,Korea
Stacy Sutton,19,Female,Saint Lucia
Nicole Shaw,31,Male,United Kingdom
Phillip Gonzales,90,Male,Svalbard & Jan Mayen Islands
Jonathan Harvey,35,Female,Bosnia and Herzegovina
Chelsea Horton,36,Female,Mali
Katherine Myers,24,Male,Liechtenstein
Tanya Alvarez,32,Female,Eritrea
Kenneth Alvarado,83,Female,Bulgaria
Paul Pierce,82,Male,Mali
Stephen Hawkins,62,Male,Palestinian Territory
Diana Adkins,24,Female,Kenya
Rebecca Richard,58,Male,Lao People's Democratic Republic
Derrick Pacheco,49,Female,Albania
Julie Gonzalez,44,Male,Cook Islands
Cynthia Warner,81,Female,Belarus
Sheri Stuart,74,Male,Hungary
Daniel Knight,25,Male,Benin
Andrea Rich,51,Male,Greece
Alexander Walsh,60,Male,Iceland
Mr. John Lopez,90,Female,Germany
Vanessa Nelson,20,Female,Pitcairn Islands
Dylan Thomas,37,Male,Wallis and Futuna
Pamela Spencer,77,Female,United States of America
Jack Durham,62,Female,Mozambique
Jennifer Watson,39,Male,China
Taylor Orozco,43,Female,Cameroon
Michael Christensen,20,Male,Bahamas
Elizabeth Robertson,26,Female,Philippines
Elizabeth Hall,56,Male,Tokelau
Chris Whitaker,76,Female,Western Sahara
Brandon Lewis,26,Male,Zambia
Adrienne Hayes,63,Male,Poland
Craig Lindsey,29,Female,Burkina Faso
Michael Mills,85,Female,Timor-Leste
Alex King,79,Male,Guernsey
Pamela Ellison,59,Male,Nepal
Michelle Little,37,Male,Pitcairn Islands
Gregory Wang,61,Female,Guatemala
Christopher Ballard,77,Female,Montserrat
Terri Perry,26,Male,Belize
Teresa Hicks,57,Female,Tokelau
Victoria Bridges,83,Male,United States of America
Samantha Sheppard,42,Male,El Salvador
Michael Brady,40,Female,Armenia
Heather Edwards,18,Male,Faroe Islands
Edward Holmes,34,Female,Ghana
Shane Poole,21,Female,Korea
Louis Jones,33,Female,Cook Islands
Dawn Nicholson,51,Female,Kuwait
Connie Moore,75,Male,Egypt
Ann Lambert,31,Female,Haiti
Katelyn Cook,60,Male,Russian Federation
Gabrielle Murphy,42,Male,Mauritius
Douglas Harris,65,Female,Ukraine
Jessica Allen,59,Female,Yemen
Craig Williams,61,Male,Cape Verde
Cameron Lopez,20,Female,Uganda
Brian Holloway,43,Female,Sierra Leone
Alvin Stark,23,Female,Costa Rica
Stephanie Sanders,46,Female,Cayman Islands
Ashley Roberts,38,Female,Malaysia
Andrea Carter,72,Female,Guinea-Bissau
Cody Werner,32,Male,New Caledonia
Mark Blanchard,69,Female,Iran
John Stone,86,Male,Cote d'Ivoire
Jessica Mitchell,20,Female,Syrian Arab Republic
Tracey Fox,86,Male,Malawi
Barbara Jones,28,Male,Malta
Margaret Rodriguez,57,Female,Lithuania
Anthony Buckley,67,Female,Jamaica
Ronald Watts,88,Female,Saint Kitts and Nevis
Jeffery Parsons,47,Male,Libyan Arab Jamahiriya
Sara Garrison,59,Male,French Southern Territories
Michael Cameron,77,Male,Albania
Allen Johnson,69,Male,Syrian Arab Republic
Tiffany Barrett,59,Female,Guernsey
Ashley Hansen,64,Female,Bouvet Island (Bouvetoya)
Michael Davis,20,Male,Jordan
Joseph Allen,82,Male,Saint Kitts and Nevis
Ronald Baker,59,Male,Turkmenistan
Joshua Brooks,88,Female,Saint Helena
Kenneth Coleman,32,Male,Djibouti
Amanda Jones,82,Male,Vietnam
Audrey Morris,59,Female,British Indian Ocean Territory (Chagos Archipelago)
Ronald Morse,51,Male,Western Sahara
Kristin Hill,88,Female,Morocco
Rachel Kelly,71,Female,Papua New Guinea
Robert Diaz,52,Male,Kiribati
Marco Garner,48,Female,Tanzania
Marc Lee,81,Female,Saint Lucia
Joseph Sandoval,23,Female,Norway
James Lewis,64,Male,Benin
Troy Fisher,66,Male,Haiti
Antonio Bowen,58,Male,Cambodia
Christina James,55,Female,Nepal
David Gillespie,67,Male,Tunisia
David Webb,18,Male,Djibouti
Deborah Munoz,90,Male,Honduras
Jesus Kelly,63,Male,Korea
Adrienne Grant,21,Male,Chad
Julia Yu,49,Female,Chad
Jeremy Fox,37,Male,Seychelles
Linda Brown,49,Male,Vanuatu
Richard Fernandez,32,Male,Swaziland
Amy Allen,26,Female,Mauritius
Michael Roberts,53,Female,Croatia
Mrs. Laura Hall,39,Male,Sao Tome and Principe
Mr. Brandon Clay,82,Male,Portugal
Craig Mejia,58,Male,Somalia
Michael Horton,52,Female,Guadeloupe
David Bennett,64,Female,Lebanon
Janet Wilcox,77,Female,Malta
Adam Wells,74,Female,Angola
Holly Long,86,Female,Papua New Guinea
Chad Harris,30,Male,Guatemala
Anthony Hawkins,30,Male,Lebanon
Julia Nguyen,62,Female,Kuwait
Wendy Smith,74,Female,Cote d'Ivoire
Rachel Bell,44,Female,Trinidad and Tobago
Dawn Mullins,55,Male,Saint Kitts and Nevis
Ashley Schneider,38,Female,Holy See (Vatican City State)
Dustin Swanson,62,Male,Nicaragua
Whitney Barnes,54,Female,Rwanda
Carla Bishop,56,Male,Mozambique
Melvin Phillips,46,Female,India
Michael Livingston,51,Male,Micronesia
Michael Mckenzie,33,Female,Senegal
Sandra Perez,53,Female,Wallis and Futuna
Brittany Blevins,84,Female,France
Shane Stevens,68,Female,China
Cathy Anderson,24,Female,Turks and Caicos Islands
Amanda Montgomery,90,Female,Tokelau
Daniel Lawrence,28,Male,Costa Rica
Charles Frazier,43,Male,Uruguay
Derek Mitchell,30,Male,Albania
Gary Jacobson,47,Male,Netherlands Antilles
Jennifer Coleman,28,Female,Svalbard & Jan Mayen Islands
Kenneth Mcdowell,70,Female,Faroe Islands
Brandon Johnson,67,Female,Cuba
Sara Harris,78,Female,Cook Islands
Brandy Edwards,45,Female,Botswana
Samuel Henry,65,Female,Jamaica
Richard Torres,49,Female,Pitcairn Islands
Donald Cantu,46,Female,Iran
Ashley Rodriguez,83,Female,Albania
Jacob Perez,35,Male,Bermuda
Michael Thompson,27,Female,Rwanda
Bradley Wells,88,Male,Tanzania
Jesus Vega,57,Female,Antarctica (the territory South of 60 deg S)
Seth Mcgee,52,Female,Algeria
Angelica Wise,82,Female,Palestinian Territory
Virginia Acosta,41,Male,North Macedonia
Mr. Alvin Keith,39,Male,Bouvet Island (Bouvetoya)
Loretta Garcia,76,Male,Greece
Sarah Miranda,52,Female,Guam
Ashlee Nichols,23,Female,Togo
David Wood,28,Female,Chad
John Walton,38,Female,Cyprus
Theresa Oliver,57,Male,Pakistan
Melissa Huerta,39,Male,France
Julie Baker,66,Male,El Salvador
Elizabeth Simpson,47,Male,Estonia
