name,gender,age,country
Abcde,Male,18,USA
Bcdef,Female,19,Canada
Cdefg,Male,20,UK
Defgh,Female,21,Australia
Efghi,Male,22,India
Fghij,Female,23,Japan
Ghijk,Male,24,Bangladesh
Hijkl,Female,25,Brazil
Ijklm,Male,26,USA
Jklmn,Female,27,Canada
Klmno,Male,28,UK
Lmnop,Female,29,Australia
Anopq,Male,30,India
Bopqr,Female,31,Japan
Cpqrs,Male,32,Bangladesh
Dqrst,Female,33,Brazil
Erstu,Male,34,USA
Fstuv,Female,35,Canada
Gtuvw,Male,36,UK
Huvwx,Female,37,Australia
Ivwxy,Male,38,India
Jwxyz,Female,39,Japan
Kxyza,Male,40,Bangladesh
Lyzab,Female,41,Brazil
Azabc,Male,42,USA
Babcd,Female,43,Canada
Cbcde,Male,44,UK
Dcdef,Female,45,Australia
Edefg,Male,46,India
Fefgh,Female,47,Japan
Gfghi,Male,48,Bangladesh
Hghij,Female,49,Brazil
Ihijk,Male,50,USA
Jijkl,Female,51,Canada
Kjklm,Male,52,UK
Lklmn,Female,53,Australia
Almno,Male,54,India
Bmnop,Female,55,Japan
Cnopq,Male,56,Bangladesh
Dopqr,Female,57,Brazil
Epqrs,Male,58,USA
Fqrst,Female,59,Canada
Grstu,Male,60,UK
Hstuv,Female,61,Australia
Ituvw,Male,62,India
Juvwx,Female,63,Japan
Kvwxy,Male,64,Bangladesh
Lwxyz,Female,65,Brazil
Axyza,Male,18,USA
Byzab,Female,19,Canada
Czabc,Male,20,UK
Dabcd,Female,21,Australia
Ebcde,Male,22,India
Fcdef,Female,23,Japan
Gdefg,Male,24,Bangladesh
Hefgh,Female,25,Brazil
Ifghi,Male,26,USA
Jghij,Female,27,Canada
Khijk,Male,28,UK
Lijkl,Female,29,Australia
Ajklm,Male,30,India
Bklmn,Female,31,Japan
Clmno,Male,32,Bangladesh
Dmnop,Female,33,Brazil
Enopq,Male,34,USA
Fopqr,Female,35,Canada
Gpqrs,Male,36,UK
Hqrst,Female,37,Australia
Irstu,Male,38,India
Jstuv,Female,39,Japan
Ktuvw,Male,40,Bangladesh
Luvwx,Female,41,Brazil
Avwxy,Male,42,USA
Bwxyz,Female,43,Canada
Cxyza,Male,44,UK
Dyzab,Female,45,Australia
Ezabc,Male,46,India
Fabcd,Female,47,Japan
Gbcde,Male,48,Bangladesh
Hcdef,Female,49,Brazil
Idefg,Male,50,USA
Jefgh,Female,51,Canada
Kfghi,Male,52,UK
Lghij,Female,53,Australia
Ahijk,Male,54,India
Bijkl,Female,55,Japan
Cjklm,Male,56,Bangladesh
Dklmn,Female,57,Brazil
Elmno,Male,58,USA
Fmnop,Female,59,Canada
Gnopq,Male,60,UK
Hopqr,Female,61,Australia
Ipqrs,Male,62,India
Jqrst,Female,63,Japan
Krstu,Male,64,Bangladesh
Lstuv,Female,65,Brazil
Atuvw,Male,18,USA
Buvwx,Female,19,Canada
Cvwxy,Male,20,UK
Dwxyz,Female,21,Australia
Exyza,Male,22,India
Fyzab,Female,23,Japan
Gzabc,Male,24,Bangladesh
Habcd,Female,25,Brazil
Ibcde,Male,26,USA
Jcdef,Female,27,Canada
Kdefg,Male,28,UK
Lefgh,Female,29,Australia
Afghi,Male,30,India
Bghij,Female,31,Japan
Chijk,Male,32,Bangladesh
Dijkl,Female,33,Brazil
Ejklm,Male,34,USA
Fklmn,Female,35,Canada
Glmno,Male,36,UK
Hmnop,Female,37,Australia
Inopq,Male,38,India
Jopqr,Female,39,Japan
Kpqrs,Male,40,Bangladesh
Lqrst,Female,41,Brazil
Arstu,Male,42,USA
Bstuv,Female,43,Canada
Ctuvw,Male,44,UK
Duvwx,Female,45,Australia
Evwxy,Male,46,India
Fwxyz,Female,47,Japan
Gxyza,Male,48,Bangladesh
Hyzab,Female,49,Brazil
Izabc,Male,50,USA
Jabcd,Female,51,Canada
Kbcde,Male,52,UK
Lcdef,Female,53,Australia
Adefg,Male,54,India
Befgh,Female,55,Japan
Cfghi,Male,56,Bangladesh
Dghij,Female,57,Brazil
Ehijk,Male,58,USA
Fijkl,Female,59,Canada
Gjklm,Male,60,UK
Hklmn,Female,61,Australia
Ilmno,Male,62,India
Jmnop,Female,63,Japan
Knopq,Male,64,Bangladesh
Lopqr,Female,65,Brazil
Apqrs,Male,18,USA
Bqrst,Female,19,Canada
Crstu,Male,20,UK
Dstuv,Female,21,Australia
Etuvw,Male,22,India
Fuvwx,Female,23,Japan
Gvwxy,Male,24,Bangladesh
Hwxyz,Female,25,Brazil
Ixyza,Male,26,USA
Jyzab,Female,27,Canada
Kzabc,Male,28,UK
Labcd,Female,29,Australia
Abcde,Male,30,India
Bcdef,Female,31,Japan
Cdefg,Male,32,Bangladesh
Defgh,Female,33,Brazil
Efghi,Male,34,USA
Fghij,Female,35,Canada
Ghijk,Male,36,UK
Hijkl,Female,37,Australia
Ijklm,Male,38,India
Jklmn,Female,39,Japan
Klmno,Male,40,Bangladesh
Lmnop,Female,41,Brazil
Anopq,Male,42,USA
Bopqr,Female,43,Canada
Cpqrs,Male,44,UK
Dqrst,Female,45,Australia
Erstu,Male,46,India
Fstuv,Female,47,Japan
Gtuvw,Male,48,Bangladesh
Huvwx,Female,49,Brazil
Ivwxy,Male,50,USA
Jwxyz,Female,51,Canada
Kxyza,Male,52,UK
Lyzab,Female,53,Australia
Azabc,Male,54,India
Babcd,Female,55,Japan
Cbcde,Male,56,Bangladesh
Dcdef,Female,57,Brazil
Edefg,Male,58,USA
Fefgh,Female,59,Canada
Gfghi,Male,60,UK
Hghij,Female,61,Australia
Ihijk,Male,62,India
Jijkl,Female,63,Japan
Kjklm,Male,64,Bangladesh
Lklmn,Female,65,Brazil
Almno,Male,18,USA
Bmnop,Female,19,Canada
Cnopq,Male,20,UK
Dopqr,Female,21,Australia
Epqrs,Male,22,India
Fqrst,Female,23,Japan
Grstu,Male,24,Bangladesh
Hstuv,Female,25,Brazil
Ituvw,Male,26,USA
Juvwx,Female,27,Canada
Kvwxy,Male,28,UK
Lwxyz,Female,29,Australia
Axyza,Male,30,India
Byzab,Female,31,Japan
Czabc,Male,32,Bangladesh
Dabcd,Female,33,Brazil
Ebcde,Male,34,USA
Fcdef,Female,35,Canada
Gdefg,Male,36,UK
Hefgh,Female,37,Australia
Ifghi,Male,38,India
Jghij,Female,39,Japan
Khijk,Male,40,Bangladesh
Lijkl,Female,41,Brazil
Ajklm,Male,42,USA
Bklmn,Female,43,Canada
Clmno,Male,44,UK
Dmnop,Female,45,Australia
Enopq,Male,46,India
Fopqr,Female,47,Japan
Gpqrs,Male,48,Bangladesh
Hqrst,Female,49,Brazil
Irstu,Male,50,USA
Jstuv,Female,51,Canada
Ktuvw,Male,52,UK
Luvwx,Female,53,Australia
Avwxy,Male,54,India
Bwxyz,Female,55,Japan
Cxyza,Male,56,Bangladesh
Dyzab,Female,57,Brazil
Ezabc,Male,58,USA
Fabcd,Female,59,Canada
Gbcde,Male,60,UK
Hcdef,Female,61,Australia
Idefg,Male,62,India
Jefgh,Female,63,Japan
Kfghi,Male,64,Bangladesh
Lghij,Female,65,Brazil
Ahijk,Male,18,USA
Bijkl,Female,19,Canada
Cjklm,Male,20,UK
Dklmn,Female,21,Australia
Elmno,Male,22,India
Fmnop,Female,23,Japan
Gnopq,Male,24,Bangladesh
Hopqr,Female,25,Brazil
Ipqrs,Male,26,USA
Jqrst,Female,27,Canada
Krstu,Male,28,UK
Lstuv,Female,29,Australia
Atuvw,Male,30,India
Buvwx,Female,31,Japan
Cvwxy,Male,32,Bangladesh
Dwxyz,Female,33,Brazil
Exyza,Male,34,USA
Fyzab,Female,35,Canada
Gzabc,Male,36,UK
Habcd,Female,37,Australia
Ibcde,Male,38,India
Jcdef,Female,39,Japan
Kdefg,Male,40,Bangladesh
Lefgh,Female,41,Brazil
Afghi,Male,42,USA
Bghij,Female,43,Canada
Chijk,Male,44,UK
Dijkl,Female,45,Australia
Ejklm,Male,46,India
Fklmn,Female,47,Japan
Glmno,Male,48,Bangladesh
Hmnop,Female,49,Brazil
Inopq,Male,50,USA
Jopqr,Female,51,Canada
Kpqrs,Male,52,UK
Lqrst,Female,53,Australia
Arstu,Male,54,India
Bstuv,Female,55,Japan
Ctuvw,Male,56,Bangladesh
Duvwx,Female,57,Brazil
Evwxy,Male,58,USA
Fwxyz,Female,59,Canada
Gxyza,Male,60,UK
Hyzab,Female,61,Australia
Izabc,Male,62,India
Jabcd,Female,63,Japan
Kbcde,Male,64,Bangladesh
Lcdef,Female,65,Brazil
Adefg,Male,18,USA
Befgh,Female,19,Canada
Cfghi,Male,20,UK
Dghij,Female,21,Australia
Ehijk,Male,22,India
Fijkl,Female,23,Japan
Gjklm,Male,24,Bangladesh
Hklmn,Female,25,Brazil
Ilmno,Male,26,USA
Jmnop,Female,27,Canada
Knopq,Male,28,UK
Lopqr,Female,29,Australia
Apqrs,Male,30,India
Bqrst,Female,31,Japan
Crstu,Male,32,Bangladesh
Dstuv,Female,33,Brazil
Etuvw,Male,34,USA
Fuvwx,Female,35,Canada
Gvwxy,Male,36,UK
Hwxyz,Female,37,Australia
Ixyza,Male,38,India
Jyzab,Female,39,Japan
Kzabc,Male,40,Bangladesh
Labcd,Female,41,Brazil
Abcde,Male,42,USA
Bcdef,Female,43,Canada
Cdefg,Male,44,UK
Defgh,Female,45,Australia
Efghi,Male,46,India
Fghij,Female,47,Japan
Ghijk,Male,48,Bangladesh
Hijkl,Female,49,Brazil
Ijklm,Male,50,USA
Jklmn,Female,51,Canada
Klmno,Male,52,UK
Lmnop,Female,53,Australia
Anopq,Male,54,India
Bopqr,Female,55,Japan
Cpqrs,Male,56,Bangladesh
Dqrst,Female,57,Brazil
Erstu,Male,58,USA
Fstuv,Female,59,Canada
Gtuvw,Male,60,UK
Huvwx,Female,61,Australia
Ivwxy,Male,62,India
Jwxyz,Female,63,Japan
Kxyza,Male,64,Bangladesh
Lyzab,Female,65,Brazil
Azabc,Male,18,USA
Babcd,Female,19,Canada
Cbcde,Male,20,UK
Dcdef,Female,21,Australia
Edefg,Male,22,India
Fefgh,Female,23,Japan
Gfghi,Male,24,Bangladesh
Hghij,Female,25,Brazil
Ihijk,Male,26,USA
Jijkl,Female,27,Canada
Kjklm,Male,28,UK
Lklmn,Female,29,Australia
Almno,Male,30,India
Bmnop,Female,31,Japan
Cnopq,Male,32,Bangladesh
Dopqr,Female,33,Brazil
Epqrs,Male,34,USA
Fqrst,Female,35,Canada
Grstu,Male,36,UK
Hstuv,Female,37,Australia
Ituvw,Male,38,India
Juvwx,Female,39,Japan
Kvwxy,Male,40,Bangladesh
Lwxyz,Female,41,Brazil
Axyza,Male,42,USA
Byzab,Female,43,Canada
Czabc,Male,44,UK
Dabcd,Female,45,Australia
Ebcde,Male,46,India
Fcdef,Female,47,Japan
Gdefg,Male,48,Bangladesh
Hefgh,Female,49,Brazil
Ifghi,Male,50,USA
Jghij,Female,51,Canada
Khijk,Male,52,UK
Lijkl,Female,53,Australia
Ajklm,Male,54,India
Bklmn,Female,55,Japan
Clmno,Male,56,Bangladesh
Dmnop,Female,57,Brazil
Enopq,Male,58,USA
Fopqr,Female,59,Canada
Gpqrs,Male,60,UK
Hqrst,Female,61,Australia
Irstu,Male,62,India
Jstuv,Female,63,Japan
Ktuvw,Male,64,Bangladesh
Luvwx,Female,65,Brazil
Avwxy,Male,18,USA
Bwxyz,Female,19,Canada
Cxyza,Male,20,UK
Dyzab,Female,21,Australia
Ezabc,Male,22,India
Fabcd,Female,23,Japan
Gbcde,Male,24,Bangladesh
Hcdef,Female,25,Brazil
Idefg,Male,26,USA
Jefgh,Female,27,Canada
Kfghi,Male,28,UK
Lghij,Female,29,Australia
Ahijk,Male,30,India
Bijkl,Female,31,Japan
Cjklm,Male,32,Bangladesh
Dklmn,Female,33,Brazil
Elmno,Male,34,USA
Fmnop,Female,35,Canada
Gnopq,Male,36,UK
Hopqr,Female,37,Australia
Ipqrs,Male,38,India
Jqrst,Female,39,Japan
Krstu,Male,40,Bangladesh
Lstuv,Female,41,Brazil
Atuvw,Male,42,USA
Buvwx,Female,43,Canada
Cvwxy,Male,44,UK
Dwxyz,Female,45,Australia
Exyza,Male,46,India
Fyzab,Female,47,Japan
Gzabc,Male,48,Bangladesh
Habcd,Female,49,Brazil
Ibcde,Male,50,USA
Jcdef,Female,51,Canada
Kdefg,Male,52,UK
Lefgh,Female,53,Australia
Afghi,Male,54,India
Bghij,Female,55,Japan
Chijk,Male,56,Bangladesh
Dijkl,Female,57,Brazil
Ejklm,Male,58,USA
Fklmn,Female,59,Canada
Glmno,Male,60,UK
Hmnop,Female,61,Australia
Inopq,Male,62,India
Jopqr,Female,63,Japan
Kpqrs,Male,64,Bangladesh
Lqrst,Female,65,Brazil
Arstu,Male,18,USA
Bstuv,Female,19,Canada
Ctuvw,Male,20,UK
Duvwx,Female,21,Australia
Evwxy,Male,22,India
Fwxyz,Female,23,Japan
Gxyza,Male,24,Bangladesh
Hyzab,Female,25,Brazil
Izabc,Male,26,USA
Jabcd,Female,27,Canada
Kbcde,Male,28,UK
Lcdef,Female,29,Australia
Adefg,Male,30,India
Befgh,Female,31,Japan
Cfghi,Male,32,Bangladesh
Dghij,Female,33,Brazil
Ehijk,Male,34,USA
Fijkl,Female,35,Canada
Gjklm,Male,36,UK
Hklmn,Female,37,Australia
Ilmno,Male,38,India
Jmnop,Female,39,Japan
Knopq,Male,40,Bangladesh
Lopqr,Female,41,Brazil
Apqrs,Male,42,USA
Bqrst,Female,43,Canada
Crstu,Male,44,UK
Dstuv,Female,45,Australia
Etuvw,Male,46,India
Fuvwx,Female,47,Japan
Gvwxy,Male,48,Bangladesh
Hwxyz,Female,49,Brazil
Ixyza,Male,50,USA
Jyzab,Female,51,Canada
Kzabc,Male,52,UK
Labcd,Female,53,Australia
Abcde,Male,54,India
Bcdef,Female,55,Japan
Cdefg,Male,56,Bangladesh
Defgh,Female,57,Brazil
Efghi,Male,58,USA
Fghij,Female,59,Canada
Ghijk,Male,60,UK
Hijkl,Female,61,Australia
Ijklm,Male,62,India
Jklmn,Female,63,Japan
Klmno,Male,64,Bangladesh
Lmnop,Female,65,Brazil
Anopq,Male,18,USA
Bopqr,Female,19,Canada
Cpqrs,Male,20,UK
Dqrst,Female,21,Australia
Erstu,Male,22,India
Fstuv,Female,23,Japan
Gtuvw,Male,24,Bangladesh
Huvwx,Female,25,Brazil
Ivwxy,Male,26,USA
Jwxyz,Female,27,Canada
Kxyza,Male,28,UK
Lyzab,Female,29,Australia
Azabc,Male,30,India
Babcd,Female,31,Japan
Cbcde,Male,32,Bangladesh
Dcdef,Female,33,Brazil
Edefg,Male,34,USA
Fefgh,Female,35,Canada
Gfghi,Male,36,UK
Hghij,Female,37,Australia
Ihijk,Male,38,India
Jijkl,Female,39,Japan
Kjklm,Male,40,Bangladesh
Lklmn,Female,41,Brazil
Almno,Male,42,USA
Bmnop,Female,43,Canada
Cnopq,Male,44,UK
Dopqr,Female,45,Australia
Epqrs,Male,46,India
Fqrst,Female,47,Japan
Grstu,Male,48,Bangladesh
Hstuv,Female,49,Brazil
Ituvw,Male,50,USA
Juvwx,Female,51,Canada
Kvwxy,Male,52,UK
Lwxyz,Female,53,Australia
Axyza,Male,54,India
Byzab,Female,55,Japan
Czabc,Male,56,Bangladesh
Dabcd,Female,57,Brazil
Ebcde,Male,58,USA
Fcdef,Female,59,Canada
Gdefg,Male,60,UK
Hefgh,Female,61,Australia
Ifghi,Male,62,India
Jghij,Female,63,Japan
Khijk,Male,64,Bangladesh
Lijkl,Female,65,Brazil
Ajklm,Male,18,USA
Bklmn,Female,19,Canada
Clmno,Male,20,UK
Dmnop,Female,21,Australia
Enopq,Male,22,India
Fopqr,Female,23,Japan
Gpqrs,Male,24,Bangladesh
Hqrst,Female,25,Brazil
Irstu,Male,26,USA
Jstuv,Female,27,Canada
Ktuvw,Male,28,UK
Luvwx,Female,29,Australia
Avwxy,Male,30,India
Bwxyz,Female,31,Japan
Cxyza,Male,32,Bangladesh
Dyzab,Female,33,Brazil
Ezabc,Male,34,USA
Fabcd,Female,35,Canada
Gbcde,Male,36,UK
Hcdef,Female,37,Australia
Idefg,Male,38,India
Jefgh,Female,39,Japan
Kfghi,Male,40,Bangladesh
Lghij,Female,41,Brazil
Ahijk,Male,42,USA
Bijkl,Female,43,Canada
Cjklm,Male,44,UK
Dklmn,Female,45,Australia
Elmno,Male,46,India
Fmnop,Female,47,Japan
Gnopq,Male,48,Bangladesh
Hopqr,Female,49,Brazil
Ipqrs,Male,50,USA
Jqrst,Female,51,Canada
Krstu,Male,52,UK
Lstuv,Female,53,Australia
Atuvw,Male,54,India
Buvwx,Female,55,Japan
Cvwxy,Male,56,Bangladesh
Dwxyz,Female,57,Brazil
Exyza,Male,58,USA
Fyzab,Female,59,Canada
Gzabc,Male,60,UK
Habcd,Female,61,Australia
Ibcde,Male,62,India
Jcdef,Female,63,Japan
Kdefg,Male,64,Bangladesh
Lefgh,Female,65,Brazil
Afghi,Male,18,USA
Bghij,Female,19,Canada
Chijk,Male,20,UK
Dijkl,Female,21,Australia
Ejklm,Male,22,India
Fklmn,Female,23,Japan
Glmno,Male,24,Bangladesh
Hmnop,Female,25,Brazil
Inopq,Male,26,USA
Jopqr,Female,27,Canada
Kpqrs,Male,28,UK
Lqrst,Female,29,Australia
Arstu,Male,30,India
Bstuv,Female,31,Japan
Ctuvw,Male,32,Bangladesh
Duvwx,Female,33,Brazil
Evwxy,Male,34,USA
Fwxyz,Female,35,Canada
Gxyza,Male,36,UK
Hyzab,Female,37,Australia
Izabc,Male,38,India
Jabcd,Female,39,Japan
Kbcde,Male,40,Bangladesh
Lcdef,Female,41,Brazil
Adefg,Male,42,USA
Befgh,Female,43,Canada
Cfghi,Male,44,UK
Dghij,Female,45,Australia
Ehijk,Male,46,India
Fijkl,Female,47,Japan
Gjklm,Male,48,Bangladesh
Hklmn,Female,49,Brazil
Ilmno,Male,50,USA
Jmnop,Female,51,Canada
Knopq,Male,52,UK
Lopqr,Female,53,Australia
Apqrs,Male,54,India
Bqrst,Female,55,Japan
Crstu,Male,56,Bangladesh
Dstuv,Female,57,Brazil
Etuvw,Male,58,USA
Fuvwx,Female,59,Canada
Gvwxy,Male,60,UK
Hwxyz,Female,61,Australia
Ixyza,Male,62,India
Jyzab,Female,63,Japan
Kzabc,Male,64,Bangladesh
Labcd,Female,65,Brazil
Abcde,Male,18,USA
Bcdef,Female,19,Canada
Cdefg,Male,20,UK
Defgh,Female,21,Australia
Efghi,Male,22,India
Fghij,Female,23,Japan
Ghijk,Male,24,Bangladesh
Hijkl,Female,25,Brazil
Ijklm,Male,26,USA
Jklmn,Female,27,Canada
Klmno,Male,28,UK
Lmnop,Female,29,Australia
Anopq,Male,30,India
Bopqr,Female,31,Japan
Cpqrs,Male,32,Bangladesh
Dqrst,Female,33,Brazil
Erstu,Male,34,USA
Fstuv,Female,35,Canada
Gtuvw,Male,36,UK
Huvwx,Female,37,Australia
Ivwxy,Male,38,India
Jwxyz,Female,39,Japan
Kxyza,Male,40,Bangladesh
Lyzab,Female,41,Brazil
Azabc,Male,42,USA
Babcd,Female,43,Canada
Cbcde,Male,44,UK
Dcdef,Female,45,Australia
Edefg,Male,46,India
Fefgh,Female,47,Japan
Gfghi,Male,48,Bangladesh
Hghij,Female,49,Brazil
Ihijk,Male,50,USA
Jijkl,Female,51,Canada
Kjklm,Male,52,UK
Lklmn,Female,53,Australia
Almno,Male,54,India
Bmnop,Female,55,Japan
Cnopq,Male,56,Bangladesh
Dopqr,Female,57,Brazil
Epqrs,Male,58,USA
Fqrst,Female,59,Canada
Grstu,Male,60,UK
Hstuv,Female,61,Australia
Ituvw,Male,62,India
Juvwx,Female,63,Japan
Kvwxy,Male,64,Bangladesh
Lwxyz,Female,65,Brazil
Axyza,Male,18,USA
Byzab,Female,19,Canada
Czabc,Male,20,UK
Dabcd,Female,21,Australia
Ebcde,Male,22,India
Fcdef,Female,23,Japan
Gdefg,Male,24,Bangladesh
Hefgh,Female,25,Brazil
Ifghi,Male,26,USA
Jghij,Female,27,Canada
Khijk,Male,28,UK
Lijkl,Female,29,Australia
Ajklm,Male,30,India
Bklmn,Female,31,Japan
Clmno,Male,32,Bangladesh
Dmnop,Female,33,Brazil
Enopq,Male,34,USA
Fopqr,Female,35,Canada
Gpqrs,Male,36,UK
Hqrst,Female,37,Australia
Irstu,Male,38,India
Jstuv,Female,39,Japan
Ktuvw,Male,40,Bangladesh
Luvwx,Female,41,Brazil
Avwxy,Male,42,USA
Bwxyz,Female,43,Canada
Cxyza,Male,44,UK
Dyzab,Female,45,Australia
Ezabc,Male,46,India
Fabcd,Female,47,Japan
Gbcde,Male,48,Bangladesh
Hcdef,Female,49,Brazil
Idefg,Male,50,USA
Jefgh,Female,51,Canada
Kfghi,Male,52,UK
Lghij,Female,53,Australia
Ahijk,Male,54,India
Bijkl,Female,55,Japan
Cjklm,Male,56,Bangladesh
Dklmn,Female,57,Brazil
Elmno,Male,58,USA
Fmnop,Female,59,Canada
Gnopq,Male,60,UK
Hopqr,Female,61,Australia
Ipqrs,Male,62,India
Jqrst,Female,63,Japan
Krstu,Male,64,Bangladesh
Lstuv,Female,65,Brazil
Atuvw,Male,18,USA
Buvwx,Female,19,Canada
Cvwxy,Male,20,UK
Dwxyz,Female,21,Australia
Exyza,Male,22,India
Fyzab,Female,23,Japan
Gzabc,Male,24,Bangladesh
Habcd,Female,25,Brazil
Ibcde,Male,26,USA
Jcdef,Female,27,Canada
Kdefg,Male,28,UK
Lefgh,Female,29,Australia
Afghi,Male,30,India
Bghij,Female,31,Japan
Chijk,Male,32,Bangladesh
Dijkl,Female,33,Brazil
Ejklm,Male,34,USA
Fklmn,Female,35,Canada
Glmno,Male,36,UK
Hmnop,Female,37,Australia
Inopq,Male,38,India
Jopqr,Female,39,Japan
Kpqrs,Male,40,Bangladesh
Lqrst,Female,41,Brazil
Arstu,Male,42,USA
Bstuv,Female,43,Canada
Ctuvw,Male,44,UK
Duvwx,Female,45,Australia
Evwxy,Male,46,India
Fwxyz,Female,47,Japan
Gxyza,Male,48,Bangladesh
Hyzab,Female,49,Brazil
Izabc,Male,50,USA
Jabcd,Female,51,Canada
Kbcde,Male,52,UK
Lcdef,Female,53,Australia
Adefg,Male,54,India
Befgh,Female,55,Japan
Cfghi,Male,56,Bangladesh
Dghij,Female,57,Brazil
Ehijk,Male,58,USA
Fijkl,Female,59,Canada
Gjklm,Male,60,UK
Hklmn,Female,61,Australia
Ilmno,Male,62,India
Jmnop,Female,63,Japan
Knopq,Male,64,Bangladesh
Lopqr,Female,65,Brazil
Apqrs,Male,18,USA
Bqrst,Female,19,Canada
Crstu,Male,20,UK
Dstuv,Female,21,Australia
Etuvw,Male,22,India
Fuvwx,Female,23,Japan
Gvwxy,Male,24,Bangladesh
Hwxyz,Female,25,Brazil
Ixyza,Male,26,USA
Jyzab,Female,27,Canada
Kzabc,Male,28,UK
Labcd,Female,29,Australia
Abcde,Male,30,India
Bcdef,Female,31,Japan
Cdefg,Male,32,Bangladesh
Defgh,Female,33,Brazil
Efghi,Male,34,USA
Fghij,Female,35,Canada
Ghijk,Male,36,UK
Hijkl,Female,37,Australia
Ijklm,Male,38,India
Jklmn,Female,39,Japan
Klmno,Male,40,Bangladesh
Lmnop,Female,41,Brazil
Anopq,Male,42,USA
Bopqr,Female,43,Canada
Cpqrs,Male,44,UK
Dqrst,Female,45,Australia
Erstu,Male,46,India
Fstuv,Female,47,Japan
Gtuvw,Male,48,Bangladesh
Huvwx,Female,49,Brazil
Ivwxy,Male,50,USA
Jwxyz,Female,51,Canada
Kxyza,Male,52,UK
Lyzab,Female,53,Australia
Azabc,Male,54,India
Babcd,Female,55,Japan
Cbcde,Male,56,Bangladesh
Dcdef,Female,57,Brazil
Edefg,Male,58,USA
Fefgh,Female,59,Canada
Gfghi,Male,60,UK
Hghij,Female,61,Australia
Ihijk,Male,62,India
Jijkl,Female,63,Japan
Kjklm,Male,64,Bangladesh
Lklmn,Female,65,Brazil
Almno,Male,18,USA
Bmnop,Female,19,Canada
Cnopq,Male,20,UK
Dopqr,Female,21,Australia
Epqrs,Male,22,India
Fqrst,Female,23,Japan
Grstu,Male,24,Bangladesh
Hstuv,Female,25,Brazil
Ituvw,Male,26,USA
Juvwx,Female,27,Canada
Kvwxy,Male,28,UK
Lwxyz,Female,29,Australia
Axyza,Male,30,India
Byzab,Female,31,Japan
Czabc,Male,32,Bangladesh
Dabcd,Female,33,Brazil
Ebcde,Male,34,USA
Fcdef,Female,35,Canada
Gdefg,Male,36,UK
Hefgh,Female,37,Australia
Ifghi,Male,38,India
Jghij,Female,39,Japan
Khijk,Male,40,Bangladesh
Lijkl,Female,41,Brazil
Ajklm,Male,42,USA
Bklmn,Female,43,Canada
Clmno,Male,44,UK
Dmnop,Female,45,Australia
Enopq,Male,46,India
Fopqr,Female,47,Japan
Gpqrs,Male,48,Bangladesh
Hqrst,Female,49,Brazil
Irstu,Male,50,USA
Jstuv,Female,51,Canada
Ktuvw,Male,52,UK
Luvwx,Female,53,Australia
Avwxy,Male,54,India
Bwxyz,Female,55,Japan
Cxyza,Male,56,Bangladesh
Dyzab,Female,57,Brazil
Ezabc,Male,58,USA
Fabcd,Female,59,Canada
Gbcde,Male,60,UK
Hcdef,Female,61,Australia
Idefg,Male,62,India
Jefgh,Female,63,Japan
Kfghi,Male,64,Bangladesh
Lghij,Female,65,Brazil
Ahijk,Male,18,USA
Bijkl,Female,19,Canada
Cjklm,Male,20,UK
Dklmn,Female,21,Australia
Elmno,Male,22,India
Fmnop,Female,23,Japan
Gnopq,Male,24,Bangladesh
Hopqr,Female,25,Brazil
Ipqrs,Male,26,USA
Jqrst,Female,27,Canada
Krstu,Male,28,UK
Lstuv,Female,29,Australia
Atuvw,Male,30,India
Buvwx,Female,31,Japan
Cvwxy,Male,32,Bangladesh
Dwxyz,Female,33,Brazil
Exyza,Male,34,USA
Fyzab,Female,35,Canada
Gzabc,Male,36,UK
Habcd,Female,37,Australia
Ibcde,Male,38,India
Jcdef,Female,39,Japan
Kdefg,Male,40,Bangladesh
Lefgh,Female,41,Brazil
Afghi,Male,42,USA
Bghij,Female,43,Canada
Chijk,Male,44,UK
Dijkl,Female,45,Australia
Ejklm,Male,46,India
Fklmn,Female,47,Japan
Glmno,Male,48,Bangladesh
Hmnop,Female,49,Brazil
Inopq,Male,50,USA
Jopqr,Female,51,Canada
Kpqrs,Male,52,UK
Lqrst,Female,53,Australia
Arstu,Male,54,India
Bstuv,Female,55,Japan
Ctuvw,Male,56,Bangladesh
Duvwx,Female,57,Brazil
Evwxy,Male,58,USA
Fwxyz,Female,59,Canada
Gxyza,Male,60,UK
Hyzab,Female,61,Australia
Izabc,Male,62,India
Jabcd,Female,63,Japan
Kbcde,Male,64,Bangladesh
Lcdef,Female,65,Brazil
Adefg,Male,18,USA
Befgh,Female,19,Canada
Cfghi,Male,20,UK
Dghij,Female,21,Australia
Ehijk,Male,22,India
Fijkl,Female,23,Japan
Gjklm,Male,24,Bangladesh
Hklmn,Female,25,Brazil
Ilmno,Male,26,USA
Jmnop,Female,27,Canada
Knopq,Male,28,UK
Lopqr,Female,29,Australia
Apqrs,Male,30,India
Bqrst,Female,31,Japan
Crstu,Male,32,Bangladesh
Dstuv,Female,33,Brazil
Etuvw,Male,34,USA
Fuvwx,Female,35,Canada
Gvwxy,Male,36,UK
Hwxyz,Female,37,Australia
Ixyza,Male,38,India
Jyzab,Female,39,Japan
Kzabc,Male,40,Bangladesh
Labcd,Female,41,Brazil
Abcde,Male,42,USA
Bcdef,Female,43,Canada
Cdefg,Male,44,UK
Defgh,Female,45,Australia
Efghi,Male,46,India
Fghij,Female,47,Japan
Ghijk,Male,48,Bangladesh
Hijkl,Female,49,Brazil
Ijklm,Male,50,USA
Jklmn,Female,51,Canada
Klmno,Male,52,UK
Lmnop,Female,53,Australia
Anopq,Male,54,India
Bopqr,Female,55,Japan
Cpqrs,Male,56,Bangladesh
Dqrst,Female,57,Brazil
Erstu,Male,58,USA
Fstuv,Female,59,Canada
Gtuvw,Male,60,UK
Huvwx,Female,61,Australia
Ivwxy,Male,62,India
Jwxyz,Female,63,Japan
Kxyza,Male,64,Bangladesh
Lyzab,Female,65,Brazil
Azabc,Male,18,USA
Babcd,Female,19,Canada
Cbcde,Male,20,UK
Dcdef,Female,21,Australia
Edefg,Male,22,India
Fefgh,Female,23,Japan
Gfghi,Male,24,Bangladesh
Hghij,Female,25,Brazil
Ihijk,Male,26,USA
Jijkl,Female,27,Canada
Kjklm,Male,28,UK
Lklmn,Female,29,Australia
Almno,Male,30,India
Bmnop,Female,31,Japan
Cnopq,Male,32,Bangladesh
Dopqr,Female,33,Brazil
Epqrs,Male,34,USA
Fqrst,Female,35,Canada
Grstu,Male,36,UK
Hstuv,Female,37,Australia
Ituvw,Male,38,India
Juvwx,Female,39,Japan
Kvwxy,Male,40,Bangladesh
Lwxyz,Female,41,Brazil
Axyza,Male,42,USA
Byzab,Female,43,Canada
Czabc,Male,44,UK
Dabcd,Female,45,Australia
Ebcde,Male,46,India
Fcdef,Female,47,Japan
Gdefg,Male,48,Bangladesh
Hefgh,Female,49,Brazil
Ifghi,Male,50,USA
Jghij,Female,51,Canada
Khijk,Male,52,UK
Lijkl,Female,53,Australia
Ajklm,Male,54,India
Bklmn,Female,55,Japan
Clmno,Male,56,Bangladesh
Dmnop,Female,57,Brazil
