first_name,gender,country
Jacqmann,Male,UK
Yule,Male,USA
Nadido,Female,Japan
Doria,Female,Mexico
Norstein,Female,Mexico
Einn,Female,France
Paerty,Female,Mexico
Judruda,Male,USA
Harma,Male,Japan
Dodric,Male,Mexico
Cirstntine,Male,France
Rirge,Female,Germany
Annaaby,Male,Mexico
Thetha,Female,Mexico
Paleen,Female,UK
Marstal,Male,Mexico
Kevy,Male,India
Pamaria,Female,France
Mriel,Male,Germany
Gertield,Male,Australia
Livrst,Male,Canada
Giaose,Female,India
Janmaria,Male,USA
Madine,Female,Mexico
Raffeta,Female,Germany
Dstal,Male,Germany
Convyy,Female,Japan
L;urleen,Male,USA
Cathena,Female,India
Paolo,Female,Canada
Madgen,Male,Australia
Adomann,Female,Germany
Flifer,Male,Germany
Adrley,Male,Australia
Cickki,Female,France
Kebald,Female,USA
Anastan,Female,Canada
Giaine,Male,India
Brihana,Female,Australia
Brina,Male,UK
Brnantino,Male,UK
Madcopo,Male,Canada
Eubert,Male,Mexico
Shosley,Female,France
Jeninn,Male,Mexico
Donnard,Female,Canada
Eiryan,Female,Australia
Norant,Male,UK
Hasstal,Male,UK
Riree,Male,Japan
Brle,Female,Australia
Constzibah,Female,Germany
Yuone,Female,Australia
Pauassia,Female,Mexico
Martnni,Male,USA
Giarge,Male,France
Hardric,Female,UK
Livton,Male,USA
Etiajean,Female,USA
Norely,Male,Canada
Giaiya,Female,USA
Hephant,Female,Australia
Paule,Male,UK
Madelle,Male,USA
Ein,Female,Canada
Gisco,Female,Canada
Nadton,Male,UK
Jenant,Female,Australia
Dodric,Female,Germany
Dierty,Female,Japan
Giaal,Female,Germany
Valeyda,Female,India
Roena,Male,India
Therea,Female,Mexico
Adean,Male,Germany
Livroy,Female,Mexico
Melrk,Female,Japan
Adaak,Male,Germany
Rierty,Male,Mexico
Delelle,Male,Mexico
Fraerina,Female,France
Norntine,Male,Australia
Keice,Male,USA
Edizibah,Male,Germany
Qunni,Male,Japan
Kerk,Male,Germany
Harstein,Male,Mexico
Brert,Female,Germany
Raffena,Female,Germany
Eyda,Male,Mexico
Anastntine,Male,Germany
Albell,Female,UK
Alantino,Male,Canada
Alagen,Male,Australia
Emmaine,Female,USA
Thoroforo,Female,Canada
Katice,Male,USA
L;urntine,Male,Mexico
Macopo,Male,Japan
Mell,Female,France
